{
  "id": "",
  "name": "",
  "font_family": "iconfont",
  "css_prefix_text": "icon-",
  "description": "",
  "glyphs": [
    {
      "icon_id": "1305",
      "name": "购物车满",
      "font_class": "gouwucheman",
      "unicode": "f0178",
      "unicode_decimal": 983416
    },
    {
      "icon_id": "1306",
      "name": "购物车空",
      "font_class": "gouwuchekong",
      "unicode": "f0179",
      "unicode_decimal": 983417
    },
    {
      "icon_id": "79895",
      "name": "猫",
      "font_class": "mao",
      "unicode": "f0128",
      "unicode_decimal": 983336
    },
    {
      "icon_id": "1110411",
      "name": "下箭头",
      "font_class": "jiantou9",
      "unicode": "e60b",
      "unicode_decimal": 58891
    },
    {
      "icon_id": "3427833",
      "name": "星星",
      "font_class": "icon-",
      "unicode": "e613",
      "unicode_decimal": 58899
    },
    {
      "icon_id": "4936652",
      "name": "fire-fill",
      "font_class": "fire-fill",
      "unicode": "e866",
      "unicode_decimal": 59494
    },
    {
      "icon_id": "6582329",
      "name": "目录",
      "font_class": "mulu",
      "unicode": "e62f",
      "unicode_decimal": 58927
    },
    {
      "icon_id": "9053019",
      "name": "drop-fill",
      "font_class": "drop-fill",
      "unicode": "e6ce",
      "unicode_decimal": 59086
    },
    {
      "icon_id": "11372772",
      "name": "闪电",
      "font_class": "shandian",
      "unicode": "e8c5",
      "unicode_decimal": 59589
    },
    {
      "icon_id": "11372773",
      "name": "我的",
      "font_class": "wode",
      "unicode": "e8c6",
      "unicode_decimal": 59590
    },
    {
      "icon_id": "11487985",
      "name": "atm",
      "font_class": "atm",
      "unicode": "e744",
      "unicode_decimal": 59204
    },
    {
      "icon_id": "11641867",
      "name": "云1-fill",
      "font_class": "yun-fill",
      "unicode": "e61b",
      "unicode_decimal": 58907
    },
    {
      "icon_id": "13497507",
      "name": "帽子",
      "font_class": "maozi",
      "unicode": "e60f",
      "unicode_decimal": 58895
    },
    {
      "icon_id": "17984171",
      "name": "关  闭",
      "font_class": "guanbi",
      "unicode": "e6c9",
      "unicode_decimal": 59081
    },
    {
      "icon_id": "18226649",
      "name": "pull_up",
      "font_class": "pull_up",
      "unicode": "e623",
      "unicode_decimal": 58915
    },
    {
      "icon_id": "18752348",
      "name": "fill_location",
      "font_class": "fill_location",
      "unicode": "e719",
      "unicode_decimal": 59161
    }
  ]
}
